,Unnamed: 0,JWTRNS_8.0,HISP_2,HISP_4,HISP_21,HISP_24,OCCP_6240.0,OCCP_9830.0,RAC1P_3,RAC1P_7,RAC1P_9,RACASN_0,RACASN_1,RACNH_0,RACNH_1,RACNUM_1,RACNUM_2,RACNUM_3,RACNUM_4,RACPI_0,RACPI_1,SFR_2.0,WAOB_8,OCCP_510.0,RACNUM_5,RACNUM_6,OCCP_2755.0,INTP,OIP,PAP,RETP,SEMP,SSIP,SSP,WAGP,PERNP,PINCP,POVPIP,Label_y
0,0,0.001128923007450892,0.02223978324678257,0.0016933845111763376,0.00011289230074508918,0.0031609844208624967,0.0007902461052156242,0.0004515692029803566,0.003838338225333032,0.0010160307067058026,0.02551365996839016,0.9619552946489051,0.038044705351095054,0.9995484307970196,0.0004515692029803566,0.9744863400316098,0.024046060058704,0.001241815308195981,0.00022578460149017842,0.998758184691804,0.001241815308195981,0.002483630616391962,0.0007902461052156242,0.0,0.0,0.0,0.0,2307.889181017484,656.4006835809123,26.495333245694763,4254.678585513344,1462.6805573813594,261.009596424346,4196.304719337451,28993.56645195215,30853.731655346914,42159.02523991061,343.2043940633401,0.0
1,1,0.001809834907742562,0.2277743444866249,0.0020011182719755155,0.00039728083340690384,0.008460610341072953,0.0010005591359877578,0.0006768488272858363,0.0698478561549101,0.00239839910538242,0.033827727259350814,0.9581972278626292,0.04180277213737088,0.9981607368823756,0.0018392631176245551,0.9661722727406492,0.03064948059209558,0.002854536358553309,0.0002942820988199288,0.9972190341661517,0.002780965833848327,0.0029722491980812807,0.0008092757717548043,4.414231482298932e-05,1.471410494099644e-05,1.471410494099644e-05,0.0,2415.002125683256,686.9078989675253,30.01107498838913,2809.3014540387976,1575.6877746418493,266.6105176663928,3584.6163052409706,24423.874888356968,26410.951134095445,35792.01203958415,294.20792411907564,1.0
2,2,0.0007645259938837921,0.013888888888888888,0.0,0.00012742099898063202,0.0022935779816513767,0.00025484199796126404,0.001529051987767584,0.05007645259938838,0.0005096839959225281,0.019240570846075437,0.9903160040774721,0.00968399592252803,0.9989806320081548,0.0010193679918450561,0.9807594291539246,0.017966360856269112,0.0011467889908256881,0.00012742099898063202,0.9991080530071356,0.000891946992864424,0.00127420998980632,0.0006371049949031602,0.000382262996941896,0.0,0.0,0.0,3120.170580003109,834.072461514539,23.730368527445194,1677.891463225004,4925.406935157829,176.4733322966879,3179.5552791167784,27279.36712797388,32718.625908372822,41216.66754781527,338.0949265687584,0.0
3,3,0.000445777968281183,0.012901843120445778,0.0006086583797685383,0.00018859837119588515,0.0016716673810544364,0.0004372053150450064,0.00023146163737676806,0.001063009001285898,0.00030861551650235747,0.02410630090012859,0.9770081440205745,0.022991855979425636,0.9997513930561508,0.00024860694384912127,0.9758936990998714,0.022520360051435918,0.0014402057436776682,0.00013716245177882556,0.9993056150878696,0.0006943849121303044,0.002126018002571796,0.0002571795970852979,2.571795970852979e-05,8.572653236176597e-06,0.0,0.0,1898.92014882656,582.1104955433807,39.218149480742504,2979.6743396843567,1411.905910131654,303.5515986589255,3389.5246953961896,25511.141732766373,27327.235544949945,36116.0470807098,310.9376236117451,1.0
4,4,0.0007455605259590619,0.037820252135014235,0.000474447607428494,6.777822963264199e-05,0.00271112918530568,0.00044055849261217297,0.0005761149518774568,0.005828927748407211,0.0017961230852650129,0.023519045682526774,0.9856649044326962,0.014335095567303781,0.9996272197370204,0.00037278026297953097,0.9764809543174732,0.02209570286024129,0.00135556459265284,6.777822963264199e-05,0.9972888708146944,0.00271112918530568,0.0027789074149383213,0.0018300122000813337,6.777822963264199e-05,0.0,0.0,0.0,1374.8095179587992,695.6026538886839,22.465495351599298,1987.3559405332348,1321.30192079289,354.76102715321286,3770.271122578531,20690.43043780972,22375.539925062447,30216.99811606668,275.47205677805914,1.0
5,5,0.0005538972828261072,0.04007549414817778,0.003149008626437312,0.0007590444246135541,0.00209250084623196,0.0004923531402898729,0.0014668020637802464,0.0027284569857730463,0.0005026104973792452,0.023745781661897,0.954795827307136,0.04520417269286396,0.9995589336451569,0.00044106635484301125,0.976254218338103,0.021571221958950056,0.0018258095619082789,0.0002872059985024259,0.9987383450780072,0.0012616549219927992,0.002851545270845514,0.00044106635484301125,5.128678544686176e-05,6.154414253623411e-05,0.0,0.0,1791.8347754838546,658.6452309716826,24.116894886469442,2634.400243324105,1484.638514729799,281.78421124504973,3145.2005561693823,27001.677992824414,28947.019402288413,37022.29844446376,302.93706952879796,1.0
6,6,0.0013182635709614128,0.0265952011118378,0.06321533682145193,0.007638775343361675,0.006024157946370175,0.0008839519293655985,0.0009759238064094179,0.0022839682799215173,0.0007051177240026161,0.02366742969260955,0.9664558126226293,0.03354418737737083,0.9994634973839108,0.000536502616088947,0.9763325703073904,0.02162361020274689,0.0018598757357750164,0.0001583960104643558,0.998553997710922,0.0014460022890778286,0.0027591563113145852,0.0005518312622629169,3.065729234793983e-05,2.554774362328319e-05,0.0,0.0,3343.6580733748633,688.1816182414761,26.726722621142233,3127.535974130962,1635.3432700080841,265.17874126206664,4085.5923367730293,24484.33858005611,26453.51136904081,37656.555334300254,304.5135618985069,0.0
7,7,0.001654886347456284,0.2889979609436076,0.002452777979265564,0.00033581297635070694,0.009260378635847095,0.0007199830212959158,0.0005964038459988555,0.006952671862365037,0.003581109579803939,0.04780096230566503,0.8273786976366826,0.1726213023633174,0.9979690031190308,0.002030996880969076,0.952199037694335,0.0434165880864302,0.003949160601884313,0.0003761105335127918,0.9942428223334436,0.0057571776665565205,0.005405245667340979,0.0023399448192117263,2.1492030486445244e-05,5.641658002691877e-05,2.6865038108056555e-06,5.373007621611311e-06,2949.709289310793,664.7969408721291,62.593968834570376,2673.540285720737,2659.9651929050424,305.9961680262432,2613.892259606545,31392.656867393707,34571.26406153805,43323.15097266978,319.93494539434937,0.0
8,8,0.0002942041776993233,0.022947925860547218,0.00044130626654898496,0.0,0.0020594292438952627,0.0002942041776993233,0.0029420417769932326,0.005442777287437482,0.009267431597528684,0.06119446896145925,0.9457193292144748,0.05428067078552516,0.9948514268902618,0.00514857310973816,0.9388055310385408,0.055898793762871435,0.00441306266548985,0.0008826125330979699,0.987790526625478,0.01220947337452192,0.0035304501323918797,0.0017652250661959398,0.0,0.0,0.0,0.0,1784.223777564717,1402.8648130393094,133.4151486097795,2503.560882070949,2122.447171620326,228.85906040268452,1957.0182166826464,27202.772770853306,29869.340234375,37335.16184084372,297.8483915653378,0.0
9,9,0.0015069697350244885,0.07911591108878563,0.0002511616225040814,0.00043953283938214237,0.004018585960065302,0.0006279040562602034,0.0002511616225040814,0.017644103980911718,0.0015069697350244885,0.020846414667838757,0.9842396081878688,0.01576039181213111,0.9990581439156097,0.0009418560843903053,0.9791535853321612,0.01984176817782243,0.0008790656787642849,6.279040562602035e-05,0.9979907070199674,0.002009292980032651,0.002762777847544895,0.0010674368956423456,6.279040562602035e-05,6.279040562602035e-05,0.0,0.0,1859.9190838484706,609.2051038199397,42.83008400697416,2270.901093675701,2420.0679980979558,277.8174037089872,3622.019337454431,21818.88492629577,24677.029853154752,32921.645030908236,287.28882587962363,0.0
10,10,0.0004315408405456594,0.09561826216905213,0.0019818912676911765,0.000247736408461397,0.0022296276761525733,0.0004075663494042339,0.00039158335530995017,0.0014144949773441061,0.0003995748523570921,0.02230426825857288,0.945018500315664,0.05498149968433587,0.9996403826328786,0.00035961736712138284,0.9776957317414272,0.020697977352097368,0.0014384694684855313,0.00015183844389569497,0.9993127312539458,0.0006872687460541982,0.0028929219310653465,0.00035961736712138284,0.0001358554498014113,1.598299409428368e-05,0.0,0.0,2137.544054379625,584.0637105872005,34.855064150366175,2816.031128702269,1628.2859519302474,266.6093041931968,3138.4988240692933,30516.342473087432,32629.39951865224,41122.23051109964,328.155747426742,0.0
11,11,0.00053572298251595,0.021932174223607527,0.0010552119352586892,0.0002435104465981591,0.0023701683468887484,0.00047078686342310754,0.0004870208931963181,0.003847465056250913,0.0009902758161658466,0.021412685270864783,0.97881459114596,0.02118540885403984,0.9994805110472572,0.0005194889527427393,0.9785873147291352,0.019967856621049045,0.0013798925307229016,6.493611909284242e-05,0.9988798519456484,0.0011201480543515316,0.002597444763713697,0.0003084465656910014,3.246805954642121e-05,0.0,0.0,0.0,1986.005689260787,615.4783866742263,23.061252419402138,2479.360104791883,1645.578056266985,298.2689788656669,3569.059219144069,24137.993509159518,26185.967912951965,34754.80517703181,302.26301580521147,1.0
12,12,0.002252252252252252,0.026252815315315314,0.0009853603603603603,0.000633445945945946,0.01731418918918919,0.00035191441441441434,0.011472409909909909,0.0016188063063063065,0.11366835585585584,0.24408783783783786,0.4408783783783784,0.5591216216216216,0.7532376126126126,0.2467623873873874,0.7559121621621622,0.15723536036036034,0.07713963963963964,0.008586711711711712,0.9480574324324323,0.05194256756756757,0.014358108108108109,0.017032657657657657,0.00014076576576576576,0.001126126126126126,0.0,0.0,3054.0738368172624,651.7464598786243,77.39716790289951,3214.509440323668,2255.0019386378963,194.42852326365474,3114.3813216453136,28632.79669588672,31328.78883474395,41194.33538435603,352.30060579196214,0.0
13,13,0.000484945601754238,0.017711056759719998,0.0009909757948890954,0.0004006072362317618,0.0018343594501138566,0.000484945601754238,0.0007379606983216665,0.003879564814033904,0.00037952264485114284,0.015370667116471285,0.9846715020662901,0.015328497933710043,0.9997259003120521,0.00027409968794804763,0.9846293328835288,0.014421860504343425,0.0008855528379859998,6.325377414185713e-05,0.9993463776672008,0.0006536223327991902,0.002403643417390571,0.0002951842793286666,2.108459138061904e-05,0.0,0.0,0.0,1638.0389232812854,741.3176771347653,21.010050377202443,3008.0270182210083,1282.4239955888618,349.7080127321486,3897.461841148901,21858.59530314043,23482.37567079528,32796.5828216246,291.1236348423463,1.0
14,14,0.0004502944232767579,0.016383789400762037,0.0007620367163145134,0.00024246622791825425,0.0015587114651887774,0.0003117422930377554,0.0008313127814340147,0.0049186006234845855,0.00020782819535850364,0.01257360581918947,0.9901281607204709,0.009871839279528923,0.9998614478697608,0.00013855213023900243,0.9874263941808106,0.011153446484239694,0.0014201593349497748,0.0,0.9996189816418428,0.0003810183581572567,0.00228611014894354,0.0003463803255975061,0.0,0.0,0.0,0.0,1359.4353986752749,570.9810513959923,26.348620776389705,2326.9411419468433,1513.0407898046449,381.8311394315419,3540.218831223275,19570.108157960927,21416.23451007111,29288.905131214888,266.91517122912177,1.0
15,15,0.0018861569552037726,0.06658807679353318,0.0006062647356012126,0.0008420343550016839,0.005422701246210845,0.0007073088582014147,0.0006062647356012126,0.01353991242842708,0.0069046817110138105,0.02515998652745032,0.9704277534523408,0.029572246547659144,0.9977433479285956,0.002256652071404513,0.9748400134725496,0.023610643314247226,0.0014482990906028964,0.00010104412260020208,0.9906028965981812,0.009397103401818794,0.005793196362411586,0.0028292354328056588,0.0,0.0,0.0,0.0,2073.2502233738387,550.8827734095784,22.626429592566122,2266.586847748392,1608.1875,195.83184417441024,2517.6197283774122,27709.858827734097,29982.417260599414,36944.8441744103,316.2407652173913,0.0
16,16,0.0009316722361673623,0.2939849392488104,0.0026294716417450763,0.0010317692532762523,0.013108859355991192,0.0006198315290204351,0.0008662241865192417,0.0037536381415833814,0.0007930763663242835,0.02618306974452161,0.9477031584458784,0.05229684155412169,0.9994417666353542,0.0005582333646457335,0.9738169302554784,0.024419822289295783,0.0016362012412030119,9.624713183547132e-05,0.9987102884334048,0.0012897115665953154,0.0045967630164621106,0.0007199285461293254,4.234873800760737e-05,3.079908218735082e-05,0.0,0.0,2051.323267296209,661.9276706143493,20.319482453602475,2214.2418410081527,2151.414212605708,235.23693209574986,2767.835525348485,28681.41688760725,31374.18350120413,38783.71580954368,305.10692967245467,0.0
17,17,0.0010337698139214334,0.018492993337927862,0.0008040431886055594,0.00022972662531587406,0.0012634964392373074,0.0004594532506317481,0.00011486331265793706,0.10119457845164256,0.00011486331265793706,0.021938892717665973,0.9846083161038364,0.015391683896163563,0.9994256834367105,0.0005743165632896852,0.9780611072823341,0.020905122903744543,0.0008040431886055594,0.00022972662531587406,0.9988513668734206,0.0011486331265793705,0.0020675396278428673,0.00022972662531587406,0.00022972662531587406,0.0,0.0,0.0,2121.6813916558394,715.9136711419086,37.22101920023098,1713.378085751407,4101.522304027718,231.0379673740436,3142.393532553775,23670.41432077379,28244.92805755396,35733.56229247871,303.18503698314544,0.0
18,18,0.00038174932812118253,0.025836794527241632,0.001267407769362326,0.0002595895431224041,0.0014811873931101882,0.0006566088443684339,0.0009925482531150745,0.001985096506230149,0.0005039091131199609,0.019362325922306373,0.9798589054483264,0.02014109455167359,0.9994655509406304,0.0005344490593696557,0.9806376740776936,0.0180796481798192,0.0011299780112387005,0.00012215978499877843,0.9992517713168824,0.0007482286831175178,0.003084534571219155,0.00033593940874664064,3.053994624969461e-05,3.053994624969461e-05,0.0,0.0,1893.1269146608315,658.3521881838075,29.02060539752006,2486.9892414296137,1896.5882932166298,301.03938730853395,3698.2642231947493,23671.498322392414,25946.11261819729,34634.87919401897,295.3968460878135,1.0
19,19,0.001391594767603674,0.07528527692735876,0.0012663512385193431,0.00025048705816866127,0.004035624826050654,0.0004313943779571389,0.001489006401335931,0.019941553019760645,0.005134984692457556,0.05129418313387141,0.9021569718897856,0.09784302811021432,0.9968271639298636,0.0031728360701363764,0.9487058168661284,0.0459087113832452,0.004856665738936822,0.00048705816866128585,0.9925827998886724,0.007417200111327581,0.003089340384080156,0.0026857779014750906,5.5663790704146946e-05,4.1747843028110216e-05,0.0,0.0,2713.913425345044,809.8480635717275,68.07628607277289,2957.040468423254,2064.841087411125,250.63488080301133,3318.849519029695,31430.332714345463,33975.462650602414,43613.53646173149,337.2779764726161,0.0
20,20,0.0006230141424210329,0.02381990737856416,0.0018067410130209953,0.00020767138080701102,0.0012252611467613648,0.0003115070712105165,0.001038356904035055,0.002969700745540257,0.0005814798662596307,0.020414096733329175,0.98074886299919,0.01925113700080992,0.9995431229622246,0.00045687703777542424,0.9795859032666708,0.018586588582227486,0.0016406039083753867,0.00018690424272630992,0.9990862459244492,0.0009137540755508485,0.002325919465038523,0.00026997279504911427,2.0767138080701102e-05,0.0,0.0,0.0,2260.566260612772,747.7940199335549,17.826504245108897,3016.2729666543623,1456.0770518026334,264.2057339731759,3935.243017103482,23070.618924572413,24857.021848110737,34768.604478897505,299.6605530659089,1.0
21,21,0.0008940869439141676,0.016395621390426017,0.0021506415677935388,0.0005678660319454849,0.002863494671725105,0.00039871444796172337,0.003141386559698427,0.0017156803518352944,0.0007853466399246067,0.032972476620834634,0.9232051808713724,0.07679481912862769,0.9992871468960683,0.0007128531039315661,0.9670275233791652,0.029963994877123458,0.002730589855737863,0.00020539835198028173,0.998103085808182,0.0018969141918178962,0.003262209119686828,0.0005316192639489647,1.2082255998840104e-05,7.249353599304063e-05,0.0,0.0,2372.242992405137,732.2973093718024,21.880413321996283,3795.130813241291,1614.2578650794799,211.94569744483996,3126.1333929008915,35088.486359509436,37207.32117812061,46962.37484327488,352.67861665484764,0.0
22,22,0.0007811279487580067,0.002030932666770817,0.0021871582565224186,0.00015622558975160133,0.0010935791282612093,0.00031245117950320266,0.00031245117950320266,0.002655835025777223,0.00031245117950320266,0.01937197312919856,0.9834400874863304,0.016559912513669738,0.999218872051242,0.0007811279487580067,0.9806280268708014,0.018434619590688955,0.0006249023590064053,0.00031245117950320266,0.999218872051242,0.0007811279487580067,0.003436962974535229,0.0007811279487580067,0.0,0.0,0.0,0.0,3220.3329102447883,550.5802357207615,35.203989120580225,2241.2438803263826,2646.127107887579,242.611060743427,3745.7679057116948,25073.011786038078,28101.29632352941,37754.879057116945,334.16261373035576,1.0
23,23,0.0006806690003889537,0.010404511863088292,0.0027226760015558148,0.0003889537145079736,0.004278490859587709,0.0003889537145079736,0.0003889537145079736,0.0026254375729288216,0.0010696227148969274,0.029074290159471026,0.9628549202644884,0.03714507973551148,0.9995138078568649,0.0004861921431349669,0.9709257098405291,0.02469856087125632,0.004084014002333722,0.00029171528588098014,0.9975690392843252,0.002430960715674835,0.0021392454297938547,0.0008751458576429405,0.0,0.0,0.0,0.0,2889.586888190391,565.2519083969466,53.91221374045802,2787.1867983834754,2185.736977997306,409.9236641221373,3555.954198473282,29128.307139649754,31705.558649693114,41575.85978895376,342.1609730848861,1.0
24,24,0.000758889852558543,0.06699913269731136,0.0004607545533391153,0.00024392888117953169,0.0036318300086730275,0.0008130962705984389,0.0006504770164787512,0.09331634865568084,0.0011383347788378145,0.0877601908065915,0.9795099739809192,0.02049002601908066,0.998997181266262,0.0010028187337380746,0.9122398091934084,0.08464332176929748,0.002818733738074588,0.00029813529921942765,0.9983738074588032,0.0016261925411968775,0.003143972246313964,0.0007859930615784909,0.0002168256721595837,0.0,0.0,0.0,1312.1146492549808,795.3149840950945,28.65863050393437,1929.5499079189685,1768.4380043529216,308.56521011217137,3202.9717060103803,22034.34153691612,24234.480312276275,31379.95462916457,277.7461193219176,1.0
25,25,0.00016801075268817208,0.007672491039426524,0.0008400537634408602,0.00011200716845878138,0.0011200716845878136,0.00039202508960573483,0.0002800179211469534,0.0009520609318996416,0.00016801075268817208,0.015232974910394263,0.989527329749104,0.010472670250896056,0.9997759856630823,0.00022401433691756275,0.9847670250896058,0.014224910394265234,0.0009520609318996416,5.600358422939069e-05,0.9996079749103942,0.00039202508960573483,0.0020161290322580645,0.0006720430107526883,0.0,0.0,0.0,0.0,1681.716599457923,770.6553844119786,29.774575262775173,2675.0677596350893,981.3561181992463,371.5607853506975,4317.528921795465,19814.61889336948,21043.595825807748,30642.27903748264,281.385237258348,1.0
26,26,0.0008586049386956075,0.02780162791496377,0.0005495071607651887,0.00015454888896520932,0.001648521482295566,0.00034344197547824293,0.00027475358038259434,0.009891128893773395,0.00022323728406085792,0.016193289143799156,0.9810248308548272,0.01897516914517292,0.9998797953085826,0.00012020469141738503,0.9838067108562008,0.014991242229625303,0.001167702716626026,3.434419754782429e-05,0.9993474602465914,0.0006525397534086616,0.0020606518528694575,0.00015454888896520932,3.434419754782429e-05,0.0,0.0,0.0,2050.499917837483,624.1465368498891,22.300345082573333,2455.517500616219,2020.872463232273,233.1669542354777,3735.2162928272132,26097.603319365702,28522.135118241484,37239.323330046835,327.04140901454764,0.0
27,27,0.0010484535310417132,0.071269876931526,0.0009985271724206792,0.00022466861379465288,0.005541825806934771,0.0003744476896577548,0.0002496317931051698,0.013205521855263486,0.003370029206919793,0.04463416460720437,0.9469033176065303,0.05309668239346963,0.9966798971517012,0.0033201028482987595,0.9553658353927956,0.0415886567313213,0.002770912903467385,0.0002496317931051698,0.9958810754137648,0.004118924586235303,0.0032452133103672088,0.0019221648069098077,4.9926358621033974e-05,2.496317931051699e-05,0.0,0.0,2514.7648067654277,798.8658446435437,49.76048966557261,3042.179189213164,2117.3493302581387,282.5630562701441,3643.0130991454503,25947.044560749877,28418.16087789688,38395.54037671132,317.03576405016264,1.0
28,28,0.0005545608670163041,0.008128277850838972,0.0012992568884381982,0.0002614358373076862,0.002701503652179424,0.0003961149050116458,0.0001980574525058229,0.0011725001188344715,0.00032481422210954954,0.018649089727948282,0.9702200814412244,0.029779918558775532,0.9996751857778904,0.00032481422210954954,0.9813509102720516,0.017112163896503097,0.0013784798694405273,0.00014260136580419248,0.9993345269595804,0.0006654730404195648,0.0020914866984614896,0.00026935813540791907,1.584459620046583e-05,1.584459620046583e-05,0.0,0.0,1860.6733952324014,602.857924824391,31.131463906740397,2499.275369899866,1628.9305316843522,276.3609699596473,3789.5880660588855,26700.3759714542,28718.00391072561,37389.193702361394,323.47680134876845,1.0
29,29,0.0005180452426178551,0.054222068727335516,0.0,0.00034536349507857016,0.010706268347435677,0.00017268174753928508,0.001726817475392851,0.044551890865135564,0.0008634087376964255,0.021757900189949924,0.9887756864099464,0.011224313590053532,0.9989639095147644,0.0010360904852357103,0.97824209981005,0.02020376446209636,0.001554135727853566,0.0,0.9991365912623036,0.0008634087376964255,0.002072180970471421,0.00034536349507857016,0.0,0.0,0.0,0.0,2073.309847198642,678.1472835314091,27.22198641765705,2376.322156196944,1768.8041171477082,238.39134125636681,3277.217741935485,26157.580645161288,28384.194348576362,36596.9951188455,315.48272792022794,0.0
30,30,0.000739332488381918,0.04995775242923532,0.0010561892691170257,0.0,0.0035910435149978884,0.000369666244190959,0.0010561892691170257,0.011512463033375579,0.0004224757076468103,0.021493451626531476,0.979457118715674,0.020542881284326152,0.9994190959019856,0.0005809040980143641,0.9785065483734684,0.019169835234474016,0.002006759611322349,0.00031685678073510766,0.998521335023236,0.001478664976763836,0.0016899028305872412,0.00021123785382340515,0.00010561892691170258,0.0,0.0,0.0,2181.7679787303027,697.1606251215875,17.18889825562545,1782.078983204721,2392.305946436677,194.7603916736917,3475.92438882044,26009.453991310547,28873.5935130859,36750.6412035536,318.48110327987126,0.0
31,31,0.00032366268463484963,0.006752780556699817,0.001912552227387748,0.0006914611899017242,0.004413582063202495,0.0004266462661095745,0.0002795268640028247,0.0010592596951685988,0.0004707820867415994,0.028717707291237567,0.9308391690696171,0.0691608309303831,0.9997351850762078,0.0002648149237921497,0.9712822927087624,0.026672747601953747,0.001794856705702348,0.0001912552227387748,0.9987200612016712,0.0012799387983287234,0.002501029835814748,0.0007650208909550991,2.942388042134997e-05,5.8847760842699926e-05,0.0,1.4711940210674985e-05,2991.6950627414776,670.2701131740008,44.357882859780496,2506.088829623551,2321.4006906691284,306.1425103429412,3066.389202311348,36995.11255855301,39823.032484848496,48901.45685027524,364.27306770286566,1.0
32,32,0.0006887483563959677,0.029522259094608982,0.00040698766514307184,0.0,0.0020349383257153592,0.0003130674347254399,0.00012522697389017595,0.0034437417819798387,0.0007513618433410557,0.014526328971260409,0.983939640598585,0.016060359401415064,0.9994051718740216,0.0005948281259783358,0.9854736710287396,0.013681046897501721,0.0007513618433410557,6.261348694508798e-05,0.9991860246697138,0.0008139753302861438,0.0012522697389017595,0.0002817606912528959,0.00012522697389017595,0.0,3.130674347254399e-05,0.0,2346.867279146577,735.8135226453057,25.265555597737364,1971.0164382521546,2353.332143806233,243.40381914126263,3684.7743062146474,24468.085114460348,27264.421410103037,35828.5582172279,320.6746473276376,0.0
33,33,0.0006967480044228351,0.039956983384074767,0.0008785083534027053,9.088017448993502e-05,0.001953923751533603,0.00037866739370806264,0.00012117356598658003,0.0019236303600369575,0.0004544008724496751,0.020175398736765576,0.9791581466503082,0.02084185334969177,0.9996819193892852,0.00031808061071477263,0.9798246012632345,0.018993956468396415,0.0011662955726208328,1.5146695748322504e-05,0.9992123718210872,0.0007876281789127702,0.0023931779282349557,0.00019690704472819252,3.0293391496645008e-05,0.0,0.0,0.0,1537.9780571721387,564.533106401669,26.38995644376121,2055.8388053145927,1375.7551151129169,271.36085794809856,3608.2105340214475,24336.880019032975,26137.40017487071,33776.946451447606,301.86353873323463,1.0
34,34,0.0004762228723042384,0.012466834478535957,0.0021430029253690732,0.00034015919450302743,0.003911830736784815,0.0003571671542281788,0.0020069392475678613,0.001428668616912715,0.00039118307367848153,0.029882985237090962,0.928311449758487,0.07168855024151302,0.9995918089665964,0.00040819103340363286,0.9701170147629091,0.027246751479692497,0.002432138240696646,0.00020409551670181643,0.9989625144567658,0.0010374855432342335,0.002959384992176339,0.0005612626709299952,3.4015919450302745e-05,0.0,0.0,0.0,2241.36916909621,662.8540249433106,29.86880466472304,3939.6137836086823,1945.0404923874314,209.62908973113048,3004.7811386459352,37953.06365403304,40535.784469813836,49986.22015711046,369.30330940847864,0.0
35,35,0.0007881773399014779,0.016945812807881773,0.001083743842364532,0.00029556650246305416,0.0017733990147783254,0.00019704433497536947,0.0006896551724137929,0.08285714285714285,0.0004926108374384236,0.0258128078817734,0.9901477832512317,0.009852216748768471,0.9990147783251232,0.0009852216748768472,0.9741871921182266,0.024630541871921183,0.0011822660098522169,0.0,0.9997044334975368,0.00029556650246305416,0.003546798029556651,0.00029556650246305416,9.852216748768474e-05,0.0,0.0,0.0,3258.919231686949,740.46170365068,46.81579575280363,2551.830112145073,2754.530541636841,286.49486995943687,3661.080887616321,21732.90145549988,24921.521976687716,35033.03459794798,301.5488429244317,0.0
36,36,0.00045082429123249207,0.029549483088966075,0.0013114888472217953,0.0001639361059027244,0.0018955112245002512,0.00044057828461357187,0.0003073801985676083,0.005809485752927796,0.0002561501654730069,0.02605559483191426,0.970686175063269,0.029313824936730914,0.9996926198014324,0.0003073801985676083,0.9739444051680858,0.02436500373979241,0.00148567095974344,0.00017418211252164466,0.9992417955102,0.0007582044898001004,0.0027869138003463146,0.000297134191948688,5.123003309460138e-05,3.073801985676083e-05,0.0,0.0,1696.4540218735606,685.2112423309163,29.698207920071773,2794.075975458933,1397.8111162305695,335.1140965637655,3939.085287484541,24712.062152920924,26503.208480000005,35589.512112908305,309.4005344701429,1.0
37,37,0.0014697236919459142,0.1753747795414462,0.008818342151675485,0.00036743092298647856,0.008156966490299823,0.0008818342151675485,0.0008818342151675485,0.019216637272192832,0.008303938859494415,0.0471413874191652,0.8953924162257496,0.10460758377425043,0.9927248677248676,0.007275132275132275,0.9528586125808348,0.04254850088183421,0.004262198706643151,0.00033068783068783067,0.9916225749559084,0.008377425044091709,0.00308641975308642,0.001506466784244562,0.0,0.0,0.0,0.0,2167.353633708064,733.6053819598125,35.39877843675312,3144.164734000177,1526.663538992653,242.51571213596532,3329.6755775869697,26117.279366203413,28046.12694207454,37296.65676728335,305.9435680293776,1.0
38,38,0.0007472166180975863,0.005604124635731899,0.0017933198834342073,0.00037360830904879317,0.0018680415452439665,7.472166180975865e-05,0.0001494433236195173,0.0009713816035268623,0.0,0.01935291040872749,0.9741463050138236,0.02585369498617649,1.0,0.0,0.9806470895912726,0.017858477172532316,0.0014944332361951727,0.0,0.9995516700291416,0.00044832997085855183,0.003736083090487933,0.00044832997085855183,0.0,0.0,0.0,0.0,2353.7966086956517,658.3660869565216,20.74695652173913,2830.9186086956524,2430.165652173913,260.61739130434785,3678.757391304348,31563.46260869565,34409.5348120764,43796.831304347834,367.4180702030537,1.0
39,39,0.0008002382104440391,0.021327278817880668,0.0005583057282167714,9.305095470279524e-05,0.001526035657125842,0.0005024751553950943,0.00024193248222726763,0.01215245468418506,0.00039081400975174007,0.02115978709941564,0.9662597238247664,0.03374027617523356,0.9995905757993075,0.0004094242006922991,0.9788402129005844,0.019280157814419174,0.0016376968027691965,9.305095470279524e-05,0.9991253210257938,0.0008746789742062754,0.0011538318383146609,0.00046525477351397625,5.583057282167715e-05,0.0,0.00014888152752447241,0.0,2525.947775323445,689.7206419330117,46.13825902718297,2282.1222107018884,2715.9030789343187,237.11175224270843,3480.261912275165,29771.4263174503,33012.662803481435,41748.63199296759,342.48479219874616,0.0
40,40,0.0006449532408900353,0.003224766204450177,0.00048371493066752666,8.061915511125443e-05,0.0008061915511125442,0.00032247662044501766,0.0007255723960012899,0.009029345372460496,0.00016123831022250886,0.018784263140922283,0.9858916478555304,0.014108352144469524,0.9998387616897776,0.00016123831022250886,0.9812157368590776,0.018139309900032246,0.000564334085778781,8.061915511125443e-05,0.9988713318284425,0.001128668171557562,0.002257336343115124,0.00040309577555627216,0.0,0.0,0.0,0.0,2660.8219473338954,810.9112548027364,36.55983506700403,2732.7152094461626,2176.76731327898,345.76890638178236,3864.4363227438853,22484.256770686916,24924.96571320325,35112.23755974136,311.2535571270342,1.0
41,41,0.0004960819648895459,0.03691254783647519,0.002490533946180169,0.0005062060866219857,0.002055196711685261,0.0006175714256788224,0.001964079616093304,0.013049992913114787,0.0005770749387490635,0.024014416749346998,0.9685544778990424,0.03144552210095774,0.9994735456699132,0.0005264543300868648,0.975985583250653,0.02190859942899953,0.001953955494360864,9.111709559195739e-05,0.9992001943831372,0.0007998056168627371,0.0020248243464879427,0.0003948407475651487,4.0496486929758836e-05,6.074473039463826e-05,0.0,0.0,2242.919095379994,692.2885868643555,22.90524989703709,2626.4185623955223,1504.0661627540762,270.3091309930469,3642.5488770986267,25434.077185841998,27339.186998266603,36435.532839111365,303.1395700653788,1.0
42,42,0.000525811141010176,0.016671306176734402,0.00326827709216129,0.0007165465549060241,0.006010743043312404,0.00029899064880970785,0.00035569577185982486,0.002850721186064974,0.0006082913199921642,0.027873145484725702,0.9070551483096718,0.09294485169032816,0.9996288391945809,0.0003711608054189478,0.9721268545152744,0.02542451517119792,0.002237274854886435,0.00019073541389584816,0.9985153567783244,0.0014846432216757911,0.003794088233171466,0.0006804614766014043,1.0310022372748547e-05,2.0620044745497095e-05,0.0,0.0,2390.3752900974,582.8409383013848,56.98536264459186,2845.615810536702,1988.1076147141052,309.42869847535155,3270.506368437403,32091.343055022582,34551.946209332775,43535.20315041208,327.292968372183,0.0
43,43,0.0006678642162958869,0.016259039196720556,0.0018654138455160981,0.0004145364101146884,0.0033393210814794344,0.00039150660955276125,0.0011975496292202107,0.0059186587444152745,0.0003224172078669799,0.018999585463589885,0.9797107457049422,0.020289254295057804,0.9998618211966284,0.0001381788033715628,0.98100041453641,0.017548708028188476,0.0013587582331537008,9.211920224770852e-05,0.9991709271797706,0.0008290728202293769,0.0019805628483257334,0.0002763576067431256,4.6059601123854274e-05,0.0,0.0,0.0,1717.2652116402114,601.4303350970017,26.31944444444445,2463.674603174603,1602.4015376984128,361.0284391534392,3167.666997354497,23698.76653439154,25669.71753292141,33638.553102954145,287.14290871459167,1.0
44,44,0.001015659624759935,0.11962623725808835,0.0017912542473038856,0.000517063081695967,0.025890087162062345,0.0008679273157039443,0.001034126163391934,0.006629487368887576,0.0014957896291919045,0.031042251440390013,0.9600199438617224,0.03998005613827744,0.998541143448072,0.001458856551927907,0.9689577485596099,0.028530802186438175,0.002252917713103856,0.00020313192495198702,0.9982272122913282,0.0017727877086718864,0.0025853154084798345,0.0013480573201359136,9.23326931599941e-05,5.539961589599646e-05,0.0,0.0,2881.4089875618565,749.946903838438,31.842762248673715,2954.0502875484813,2391.4937586376,191.54741206366188,2734.305425527172,32250.094155409926,35178.73366231297,44184.68969283581,339.43169200137834,0.0
45,45,0.00036005063938024834,0.020023461364243492,0.008548299051092348,0.0008594757198109154,0.006004715501922206,0.0002322907350840312,0.0004297378599054577,0.0018583258806722492,0.00038327971288865136,0.025157086609600574,0.8965725502038351,0.10342744979616487,0.9997328656546534,0.00026713434534663587,0.9748429133903994,0.022938710089548082,0.001962856711460064,0.00025551980859243433,0.9986875573467752,0.0013124426532247762,0.0034611319527520644,0.00048781054367646554,1.1614536754201559e-05,0.0,0.0,0.0,2461.505445271574,580.4845878136201,29.024538185828515,2903.611800385993,2079.2212434518883,234.20733388475318,3379.2150537634398,38711.83719327267,41405.80970572185,50379.107196029785,366.03240840581793,0.0
46,46,0.0011579759983156713,0.0641799424521019,0.001017615271247105,7.01803635342831e-05,0.002421222541932767,0.0003509018176714156,0.0011228858165485296,0.007790020352305425,0.0004912625447399819,0.0284581374131518,0.9740683556740825,0.02593164432591761,0.9996490981823286,0.0003509018176714156,0.9715418625868482,0.026808898870096142,0.0015439679977542285,7.01803635342831e-05,0.99901747491052,0.0009825250894799637,0.0016843287248227946,0.0002105410906028493,0.00017545090883570776,3.509018176714155e-05,0.0,0.0,2025.4043528554905,606.2165288548048,22.898333404738445,2134.8229296088425,1919.0115676277792,210.8264427402425,3666.3574825414507,25567.03286063151,27891.12959742632,36152.57049826486,313.8566316177827,0.0
47,47,0.0004714122163108626,0.01306485285204391,0.001975441668350282,0.0003142748108739085,0.0017509596605832045,0.00026937840932049294,0.0012570992434956338,0.0013468920466024649,0.0005612050194176936,0.01822793903068669,0.984016881046984,0.015983118953015917,0.9997306215906796,0.00026937840932049294,0.9817720609693134,0.01764428581049229,0.0005836532201944014,0.0,0.9993265539766988,0.0006734460233012324,0.0022897164792241896,0.00042651581475744714,2.2448200776707752e-05,0.0,0.0,0.0,1845.1850236966825,635.9501692620178,29.70291130670277,2550.6467163168586,1548.0097494922138,361.3735951252538,3499.7275558564656,23441.054570074477,25371.09076411229,33911.65029113067,293.6935320093513,1.0
48,48,0.00105113785672991,0.24249750354759025,0.0013664792137488833,0.00031534135701897305,0.11036947495664057,0.0007357964997109371,0.0012613654280758922,0.1789036632154307,0.000525568928364955,0.030167656488148425,0.9809744047931886,0.019025595206811373,0.9993693172859621,0.0006306827140379461,0.9698323435118515,0.027592368739160145,0.002417617070478793,0.00015767067850948652,0.9992116466074524,0.0007883533925474326,0.003468754927208704,0.000525568928364955,0.0,0.0,0.0,0.0,1454.9643471063855,717.1140255936846,37.526580505507106,3235.6607881836135,1571.905074170752,338.49875851531164,3283.413127904756,20788.933214490356,22706.341349883634,31428.01598013625,270.83709423087384,1.0
49,49,0.0004541712793437225,0.01283033864146016,0.002668256266144369,0.0005109426892616878,0.0037185273496267283,0.0001986999347128786,0.0005393283942206705,0.0023560135115955607,0.0003406284595077919,0.026370319906894892,0.9494166737630928,0.050583326236907096,0.9997445286553692,0.0002554713446308439,0.9736296800931052,0.023219506656447814,0.002923727610775213,0.00022708563967186124,0.9990632717363536,0.0009367282636464276,0.002725027676062335,0.0011070424934003236,2.838570495898265e-05,0.0,0.0,0.0,3476.1893404882576,684.2507535857433,57.571963297889965,3237.178442479049,2808.4466858789624,242.11931498227833,3636.846202259101,39496.53814303224,42952.350406941536,53639.140846003516,371.06744981412635,0.0
